episode,total_reward,steps,epsilon,mean_step_reward,timestamp,current_lr
1,-26703.199999999993,1000,0.995,-26.703199999999995,2025-09-09T19:35:16.741128,0.0001
2,-165164.19999999972,1000,0.990025,-165.16420000000002,2025-09-09T19:35:51.939979,0.0001
3,-41226.39999999998,1000,0.985074875,-41.2264,2025-09-09T19:36:17.421997,0.0001
4,-26062.799999999996,1000,0.9801495006250001,-26.0628,2025-09-09T19:36:47.428639,0.0001
5,-28968.300000000003,1000,0.9752487531218751,-28.9683,2025-09-09T19:37:14.067696,0.0001
6,-36399.70000000001,1000,0.9703725093562657,-36.399699999999996,2025-09-09T19:37:40.055539,0.0001
7,-19928.999999999985,1000,0.9655206468094844,-19.929,2025-09-09T19:38:04.572425,0.0001
8,-27377.199999999946,1000,0.960693043575437,-27.377200000000006,2025-09-09T19:38:32.729941,0.0001
9,-137158.79999999952,1000,0.9558895783575597,-137.1588,2025-09-09T19:39:11.356173,0.0001
10,-110593.69999999992,1000,0.9511101304657719,-110.59370000000001,2025-09-09T19:39:46.025167,0.0001
11,-17547.599999999995,1000,0.946354579813443,-17.5476,2025-09-09T19:40:10.350448,0.0001
12,-110605.19999999998,1000,0.9416228069143757,-110.6052,2025-09-09T19:40:43.237263,0.0001
13,-24838.000000000004,1000,0.9369146928798039,-24.838,2025-09-09T19:41:10.370583,0.0001
14,-15576.699999999973,1000,0.9322301194154049,-15.5767,2025-09-09T19:41:37.927889,0.0001
15,-20319.100000000002,1000,0.9275689688183278,-20.3191,2025-09-09T19:42:02.283437,0.0001
16,-151813.99999999997,1000,0.9229311239742362,-151.814,2025-09-09T19:42:36.324232,0.0001
17,-157131.89999999906,1000,0.918316468354365,-157.1319,2025-09-09T19:43:12.272805,0.0001
18,-122834.50000000004,1000,0.9137248860125932,-122.8345,2025-09-09T19:43:50.980859,0.0001
19,-110744.6000000001,1000,0.9091562615825302,-110.74459999999999,2025-09-09T19:44:21.274323,0.0001
20,-18524.600000000006,1000,0.9046104802746175,-18.524600000000003,2025-09-09T19:44:46.841948,0.0001
21,-205898.0000000005,1000,0.9000874278732445,-205.898,2025-09-09T19:45:25.270640,0.0001
22,-120535.4000000001,1000,0.8955869907338783,-120.53540000000002,2025-09-09T19:46:03.314668,0.0001
23,-50568.4999999995,1000,0.8911090557802088,-50.568499999999986,2025-09-09T19:46:36.587129,0.0001
24,-25711.599999999962,1000,0.8866535105013078,-25.711599999999997,2025-09-09T19:47:06.019900,0.0001
25,-93446.99999999991,1000,0.8822202429488013,-93.44699999999999,2025-09-09T19:47:34.004501,0.0001
26,-16125.699999999975,1000,0.8778091417340573,-16.125700000000002,2025-09-09T19:47:59.455990,0.0001
27,-123310.40000000008,1000,0.8734200960253871,-123.31039999999999,2025-09-09T19:48:32.905036,0.0001
28,-35512.89999999997,1000,0.8690529955452602,-35.5129,2025-09-09T19:48:58.117478,0.0001
29,-20970.69999999995,1000,0.8647077305675338,-20.970700000000004,2025-09-09T19:49:27.719937,0.0001
30,-23795.299999999967,1000,0.8603841919146962,-23.7953,2025-09-09T19:49:53.176284,0.0001
31,-56632.69999999994,1000,0.8560822709551227,-56.6327,2025-09-09T19:50:19.703570,0.0001
32,-49367.49999999989,1000,0.851801859600347,-49.3675,2025-09-09T19:50:55.254618,0.0001
33,-176399.8000000004,1000,0.8475428503023453,-176.3998,2025-09-09T19:51:33.184382,0.0001
34,-114389.59999999995,1000,0.8433051360508336,-114.3896,2025-09-09T19:52:05.336750,0.0001
35,-48275.10000000002,1000,0.8390886103705794,-48.27510000000001,2025-09-09T19:52:33.527876,0.0001
36,-23317.40000000002,1000,0.8348931673187264,-23.317400000000003,2025-09-09T19:52:59.935841,0.0001
37,-38068.099999999984,1000,0.8307187014821328,-38.068099999999994,2025-09-09T19:53:31.077645,0.0001
38,-35877.7,1000,0.8265651079747222,-35.8777,2025-09-09T19:53:58.072138,0.0001
39,-13195.50000000001,1000,0.8224322824348486,-13.1955,2025-09-09T19:54:24.842183,0.0001
40,-22710.299999999974,1000,0.8183201210226743,-22.7103,2025-09-09T19:54:50.850939,0.0001
41,-50758.19999999997,1000,0.8142285204175609,-50.7582,2025-09-09T19:55:20.401387,0.0001
42,-84006.79999999999,1000,0.810157377815473,-84.0068,2025-09-09T19:55:52.680716,0.0001
43,-26085.299999999967,1000,0.8061065909263957,-26.085300000000004,2025-09-09T19:56:19.387304,0.0001
44,-140096.3999999991,1000,0.8020760579717637,-140.09639999999996,2025-09-09T19:56:55.868496,0.0001
45,-27832.40000000002,1000,0.798065677681905,-27.832399999999996,2025-09-09T19:57:22.100273,0.0001
46,-110179.30000000005,1000,0.7940753492934954,-110.1793,2025-09-09T19:57:56.422802,0.0001
47,-150729.99999999907,1000,0.7901049725470279,-150.73,2025-09-09T19:58:34.542643,0.0001
48,-24042.300000000014,1000,0.7861544476842928,-24.042299999999997,2025-09-09T19:59:02.344386,0.0001
49,-21478.300000000003,1000,0.7822236754458713,-21.478300000000004,2025-09-09T19:59:29.434081,0.0001
50,-41197.10000000002,1000,0.778312557068642,-41.197100000000006,2025-09-09T19:59:57.011237,0.0001
51,-25632.599999999995,1000,0.7744209942832988,-25.6326,2025-09-09T20:02:26.487449,0.0001
52,-22500.000000000004,1000,0.7705488893118823,-22.5,2025-09-09T20:02:51.609307,0.0001
53,-32603.39999999999,1000,0.7666961448653229,-32.6034,2025-09-09T20:03:18.363820,0.0001
54,-31018.10000000001,1000,0.7628626641409962,-31.018099999999997,2025-09-09T20:03:46.546129,0.0001
55,-181161.00000000067,1000,0.7590483508202912,-181.161,2025-09-09T20:04:22.854534,0.0001
56,-32202.299999999977,1000,0.7552531090661897,-32.2023,2025-09-09T20:04:50.756074,0.0001
57,-28894.100000000002,1000,0.7514768435208588,-28.894099999999998,2025-09-09T20:05:17.828434,0.0001
58,-103988.50000000006,1000,0.7477194593032545,-103.9885,2025-09-09T20:05:48.501650,0.0001
59,-22892.00000000001,1000,0.7439808620067382,-22.892000000000003,2025-09-09T20:06:16.064320,0.0001
60,-164212.90000000063,1000,0.7402609576967045,-164.21290000000002,2025-09-09T20:06:51.032570,0.0001
61,-28047.89999999999,1000,0.736559652908221,-28.0479,2025-09-09T20:07:18.241967,0.0001
62,-27746.000000000015,1000,0.7328768546436799,-27.746000000000002,2025-09-09T20:07:44.196694,0.0001
63,-28900.600000000013,1000,0.7292124703704616,-28.900600000000004,2025-09-09T20:08:12.971942,0.0001
64,-13218.699999999988,1000,0.7255664080186093,-13.218700000000005,2025-09-09T20:08:38.543541,0.0001
65,-19910.49999999998,1000,0.7219385759785162,-19.9105,2025-09-09T20:09:03.333639,0.0001
66,-132041.80000000016,1000,0.7183288830986236,-132.0418,2025-09-09T20:09:39.541859,0.0001
67,-144040.29999999987,1000,0.7147372386831305,-144.0403,2025-09-09T20:10:13.756401,0.0001
68,-38135.899999999994,1000,0.7111635524897149,-38.13589999999999,2025-09-09T20:10:41.658383,0.0001
69,-13377.59999999998,1000,0.7076077347272662,-13.377600000000003,2025-09-09T20:11:07.592810,0.0001
70,-26201.000000000022,1000,0.7040696960536299,-26.201000000000008,2025-09-09T20:11:37.332194,0.0001
71,-140729.199999999,1000,0.7005493475733617,-140.7292,2025-09-09T20:12:12.028739,0.0001
72,-18868.09999999999,1000,0.697046600835495,-18.868100000000002,2025-09-09T20:12:38.098460,0.0001
73,-24951.699999999983,1000,0.6935613678313175,-24.951699999999995,2025-09-09T20:13:03.195305,0.0001
74,-20458.19999999998,1000,0.6900935609921609,-20.458200000000005,2025-09-09T20:13:32.100031,0.0001
75,-14395.999999999984,1000,0.6866430931872001,-14.396,2025-09-09T20:13:59.799600,0.0001
76,-35158.80000000002,1000,0.6832098777212641,-35.1588,2025-09-09T20:14:25.597307,0.0001
77,-20362.89999999999,1000,0.6797938283326578,-20.3629,2025-09-09T20:14:51.608738,0.0001
78,-15841.700000000033,1000,0.6763948591909945,-15.8417,2025-09-09T20:15:18.438052,0.0001
79,-35823.899999999994,1000,0.6730128848950395,-35.823899999999995,2025-09-09T20:15:45.032038,0.0001
80,-21893.7,1000,0.6696478204705644,-21.8937,2025-09-09T20:16:13.776781,0.0001
81,-15734.200000000012,1000,0.6662995813682115,-15.734200000000001,2025-09-09T20:16:37.825784,0.0001
82,-23905.900000000005,1000,0.6629680834613705,-23.905900000000003,2025-09-09T20:17:04.887022,0.0001
83,-170565.30000000025,1000,0.6596532430440636,-170.56530000000004,2025-09-09T20:17:38.869121,0.0001
84,-131190.3999999999,1000,0.6563549768288433,-131.19039999999998,2025-09-09T20:18:12.621700,0.0001
85,-28361.899999999987,1000,0.653073201944699,-28.361900000000002,2025-09-09T20:18:39.594280,0.0001
86,-25709.40000000002,1000,0.6498078359349755,-25.709400000000002,2025-09-09T20:19:04.929289,0.0001
87,-47024.00000000004,1000,0.6465587967553006,-47.023999999999994,2025-09-09T20:19:36.414086,0.0001
88,-23075.899999999998,1000,0.6433260027715241,-23.075899999999997,2025-09-09T20:20:03.949134,0.0001
89,-34681.69999999994,1000,0.6401093727576664,-34.6817,2025-09-09T20:20:32.266675,0.0001
90,-32198.400000000038,1000,0.6369088258938781,-32.1984,2025-09-09T20:21:00.961730,0.0001
91,-45527.99999999998,1000,0.6337242817644086,-45.528,2025-09-09T20:21:29.101151,0.0001
92,-26217.700000000004,1000,0.6305556603555866,-26.217700000000004,2025-09-09T20:21:55.949300,0.0001
93,-36810.29999999995,1000,0.6274028820538087,-36.810300000000005,2025-09-09T20:22:24.747266,0.0001
94,-61525.40000000006,1000,0.6242658676435396,-61.52540000000001,2025-09-09T20:22:50.978649,0.0001
95,-10259.600000000006,1000,0.6211445383053219,-10.259600000000002,2025-09-09T20:23:15.370599,0.0001
96,-133978.49999999968,1000,0.6180388156137953,-133.9785,2025-09-09T20:23:51.461147,0.0001
97,-130382.90000000094,1000,0.6149486215357263,-130.38290000000003,2025-09-09T20:24:28.898761,0.0001
98,-22456.29999999999,1000,0.6118738784280476,-22.4563,2025-09-09T20:24:56.675125,0.0001
99,-99865.2,1000,0.6088145090359074,-99.86520000000002,2025-09-09T20:25:27.453596,0.0001
100,-120348.99999999994,1000,0.6057704364907278,-120.349,2025-09-09T20:26:00.877144,0.0001
101,-129913.70000000008,1000,0.6027415843082742,-129.91370000000003,2025-09-09T20:29:49.454362,0.0001
102,-35482.3999999998,1000,0.5997278763867329,-35.48239999999999,2025-09-09T20:30:26.351279,0.0001
103,-23586.500000000025,1000,0.5967292370047992,-23.586499999999997,2025-09-09T20:30:52.667885,0.0001
104,-21768.999999999975,1000,0.5937455908197752,-21.769,2025-09-09T20:31:18.942634,0.0001
105,-38624.39999999999,1000,0.5907768628656763,-38.6244,2025-09-09T20:31:44.989501,0.0001
106,-18003.800000000014,1000,0.5878229785513479,-18.003800000000002,2025-09-09T20:32:12.374028,0.0001
107,-151065.30000000008,1000,0.5848838636585911,-151.06529999999998,2025-09-09T20:32:50.759647,0.0001
108,-30986.199999999928,1000,0.5819594443402982,-30.986199999999997,2025-09-09T20:33:18.076583,0.0001
109,-12326.900000000016,1000,0.5790496471185967,-12.326900000000002,2025-09-09T20:33:42.789840,0.0001
110,-128560.69999999976,1000,0.5761543988830038,-128.56070000000003,2025-09-09T20:34:20.981346,0.0001
111,-30057.79999999999,1000,0.5732736268885887,-30.057800000000004,2025-09-09T20:34:49.312830,0.0001
112,-13983.999999999984,1000,0.5704072587541458,-13.983999999999996,2025-09-09T20:35:14.784252,0.0001
113,-24036.200000000004,1000,0.567555222460375,-24.036199999999997,2025-09-09T20:35:43.018462,0.0001
114,-15723.60000000003,1000,0.5647174463480732,-15.723600000000003,2025-09-09T20:36:09.007144,0.0001
115,-31601.19999999999,1000,0.5618938591163328,-31.6012,2025-09-09T20:36:38.558709,0.0001
116,-31072.200000000063,1000,0.5590843898207511,-31.072200000000002,2025-09-09T20:37:06.485587,0.0001
117,-30764.200000000044,1000,0.5562889678716474,-30.764200000000002,2025-09-09T20:37:34.264891,0.0001
118,-13987.499999999993,1000,0.5535075230322891,-13.9875,2025-09-09T20:37:59.408584,0.0001
119,-14825.200000000012,1000,0.5507399854171277,-14.825199999999999,2025-09-09T20:38:23.904799,0.0001
120,-91231.89999999998,1000,0.547986285490042,-91.2319,2025-09-09T20:39:00.980181,0.0001
121,-18272.900000000005,1000,0.5452463540625918,-18.2729,2025-09-09T20:39:27.710915,0.0001
122,-18000.29999999999,1000,0.5425201222922789,-18.000300000000003,2025-09-09T20:39:51.849769,0.0001
123,-23049.000000000015,1000,0.5398075216808175,-23.049,2025-09-09T20:40:19.171411,0.0001
124,-18150.100000000006,1000,0.5371084840724134,-18.1501,2025-09-09T20:40:43.931305,0.0001
125,-17982.999999999975,1000,0.5344229416520513,-17.983,2025-09-09T20:41:12.398408,0.0001
126,-18699.199999999997,1000,0.531750826943791,-18.699199999999998,2025-09-09T20:41:37.864212,0.0001
127,-21235.00000000002,1000,0.5290920728090721,-21.235,2025-09-09T20:42:03.945859,0.0001
128,-72970.30000000003,1000,0.5264466124450268,-72.97030000000001,2025-09-09T20:42:31.414049,0.0001
129,-16652.100000000024,1000,0.5238143793828016,-16.652099999999997,2025-09-09T20:42:57.461934,0.0001
130,-14957.000000000005,1000,0.5211953074858876,-14.956999999999999,2025-09-09T20:43:23.616235,0.0001
131,-14017.600000000011,1000,0.5185893309484582,-14.0176,2025-09-09T20:43:48.959912,0.0001
132,-30332.300000000007,1000,0.5159963842937159,-30.332300000000004,2025-09-09T20:44:17.380963,0.0001
133,-27212.399999999965,1000,0.5134164023722473,-27.212400000000002,2025-09-09T20:44:44.642088,0.0001
134,-16167.400000000005,1000,0.510849320360386,-16.1674,2025-09-09T20:45:10.549794,0.0001
135,-26091.099999999988,1000,0.5082950737585841,-26.0911,2025-09-09T20:45:36.669924,0.0001
136,-10659.800000000028,1000,0.5057535983897912,-10.6598,2025-09-09T20:46:02.979452,0.0001
137,-136759.90000000005,1000,0.5032248303978422,-136.7599,2025-09-09T20:46:40.968028,0.0001
138,-36451.59999999998,1000,0.500708706245853,-36.451600000000006,2025-09-09T20:47:04.626380,0.0001
139,-19219.300000000007,1000,0.4982051627146237,-19.219300000000004,2025-09-09T20:48:54.686536,0.0001
140,-92179.10000000008,1000,0.49571413690105054,-92.1791,2025-09-09T20:49:22.853272,0.0001
141,-13507.099999999999,1000,0.4932355662165453,-13.507100000000003,2025-09-09T20:49:49.040662,0.0001
142,-12627.099999999997,1000,0.4907693883854626,-12.627100000000002,2025-09-09T20:50:12.102187,0.0001
143,-18910.500000000015,1000,0.4883155414435353,-18.9105,2025-09-09T20:50:37.549201,0.0001
144,-140194.8,1000,0.4858739637363176,-140.1948,2025-09-09T20:51:13.969370,0.0001
145,-18713.29999999999,1000,0.483444593917636,-18.713300000000004,2025-09-09T20:51:41.154265,0.0001
146,-39187.199999999975,1000,0.4810273709480478,-39.1872,2025-09-09T20:52:08.610651,0.0001
147,-52477.299999999996,1000,0.47862223409330756,-52.4773,2025-09-09T20:52:37.211025,0.0001
148,-89501.49999999985,1000,0.47622912292284103,-89.50149999999998,2025-09-09T20:53:07.914123,0.0001
149,-9899.499999999995,1000,0.4738479773082268,-9.8995,2025-09-09T20:53:31.943113,0.0001
150,-20295.600000000013,1000,0.47147873742168567,-20.295600000000004,2025-09-09T20:53:56.574470,0.0001
151,-108448.4,1000,0.46912134373457726,-108.44839999999999,2025-09-09T20:56:20.643480,0.0001
152,-15029.000000000042,1000,0.46677573701590436,-15.028999999999998,2025-09-09T20:56:47.426299,0.0001
153,-12111.199999999979,1000,0.46444185833082485,-12.1112,2025-09-09T20:57:12.452004,0.0001
154,-17123.50000000001,1000,0.46211964903917074,-17.1235,2025-09-09T20:57:38.753949,0.0001
155,-29505.199999999953,1000,0.4598090507939749,-29.505200000000002,2025-09-09T20:58:07.159203,0.0001
156,-28515.60000000002,1000,0.457510005540005,-28.5156,2025-09-09T20:58:34.455759,0.0001
157,-138867.1999999997,1000,0.45522245551230495,-138.86720000000003,2025-09-09T20:59:12.802653,0.0001
158,-46265.90000000004,1000,0.4529463432347434,-46.265899999999995,2025-09-09T21:00:56.659849,0.0001
159,-39918.50000000003,1000,0.4506816115185697,-39.9185,2025-09-09T21:01:24.399026,0.0001
160,-25568.300000000003,1000,0.4484282034609769,-25.568299999999997,2025-09-09T21:01:52.236355,0.0001
161,-23273.200000000004,1000,0.446186062443672,-23.273199999999996,2025-09-09T21:02:20.124750,0.0001
162,-136439.20000000022,1000,0.4439551321314536,-136.4392,2025-09-09T21:04:22.313502,0.0001
163,-39217.199999999975,1000,0.4417353564707963,-39.2172,2025-09-09T21:04:48.062158,0.0001
164,-124173.69999999953,1000,0.43952667968844233,-124.17370000000001,2025-09-09T21:05:23.638954,0.0001
165,-23717.300000000007,1000,0.43732904629000013,-23.717299999999998,2025-09-09T21:05:50.736432,0.0001
166,-19604.40000000001,1000,0.4351424010585501,-19.6044,2025-09-09T21:06:14.889901,0.0001
167,-181961.9000000009,1000,0.43296668905325736,-181.9619,2025-09-09T21:06:50.599762,0.0001
168,-20854.999999999985,1000,0.43080185560799106,-20.855000000000004,2025-09-09T21:07:14.814826,0.0001
169,-8559.100000000011,1000,0.4286478463299511,-8.559100000000003,2025-09-09T21:07:38.300794,0.0001
170,-11954.199999999983,1000,0.42650460709830135,-11.9542,2025-09-09T21:08:02.625713,0.0001
171,-28722.09999999997,1000,0.42437208406280985,-28.722099999999998,2025-09-09T21:08:28.670087,0.0001
172,-8457.599999999995,1000,0.4222502236424958,-8.457600000000001,2025-09-09T21:08:51.245885,0.0001
173,-27091.59999999998,1000,0.42013897252428334,-27.0916,2025-09-09T21:09:14.562603,0.0001
174,-88739.59999999985,1000,0.4180382776616619,-88.73960000000001,2025-09-09T21:09:42.834559,0.0001
175,-22165.499999999993,1000,0.4159480862733536,-22.1655,2025-09-09T21:10:10.383835,0.0001
176,-9915.100000000024,1000,0.41386834584198684,-9.915100000000002,2025-09-09T21:10:33.781687,0.0001
177,-58480.50000000006,1000,0.4117990041127769,-58.4805,2025-09-09T21:10:57.869987,0.0001
178,-10658.900000000001,1000,0.40974000909221303,-10.6589,2025-09-09T21:11:23.099127,0.0001
179,-10250.4,1000,0.40769130904675194,-10.250399999999999,2025-09-09T21:11:47.377594,0.0001
180,-33257.89999999997,1000,0.40565285250151817,-33.2579,2025-09-09T21:12:15.181594,0.0001
181,-16691.300000000007,1000,0.4036245882390106,-16.691300000000002,2025-09-09T21:12:43.166174,0.0001
182,-18948.59999999999,1000,0.4016064652978155,-18.9486,2025-09-09T21:13:11.100196,0.0001
183,-11663.200000000003,1000,0.3995984329713264,-11.663200000000002,2025-09-09T21:13:37.219265,0.0001
184,-26379.800000000003,1000,0.3976004408064698,-26.3798,2025-09-09T21:14:03.853701,0.0001
185,-18315.800000000032,1000,0.39561243860243744,-18.3158,2025-09-09T21:14:31.313251,0.0001
186,-9702.799999999997,1000,0.3936343764094253,-9.7028,2025-09-09T21:14:56.235570,0.0001
187,-12375.79999999999,1000,0.39166620452737816,-12.3758,2025-09-09T21:15:21.246970,0.0001
188,-29120.599999999962,1000,0.3897078735047413,-29.1206,2025-09-09T21:15:49.799477,0.0001
189,-16632.399999999972,1000,0.3877593341372176,-16.6324,2025-09-09T21:16:13.468416,0.0001
190,-11968.6,1000,0.3858205374665315,-11.968599999999999,2025-09-09T21:16:39.376369,0.0001
191,-114369.59999999996,1000,0.38389143477919885,-114.3696,2025-09-09T21:29:01.994821,0.0001
192,-15610.899999999992,1000,0.3819719776053028,-15.6109,2025-09-09T21:29:26.233784,0.0001
193,-11596.699999999993,1000,0.3800621177172763,-11.5967,2025-09-09T21:29:50.579070,0.0001
194,-14626.299999999937,1000,0.37816180712868996,-14.626299999999999,2025-09-09T21:30:15.522361,0.0001
195,-21448.899999999998,1000,0.37627099809304654,-21.448900000000002,2025-09-09T21:30:41.539074,0.0001
196,-34871.80000000002,1000,0.3743896431025813,-34.87179999999999,2025-09-09T21:31:07.876513,0.0001
197,-81547.39999999995,1000,0.37251769488706843,-81.54740000000001,2025-09-09T21:31:42.107716,0.0001
198,-24762.70000000003,1000,0.3706551064126331,-24.762700000000006,2025-09-09T21:32:06.465193,0.0001
199,-17420.1,1000,0.36880183088056995,-17.420099999999998,2025-09-09T21:32:30.883582,0.0001
200,-13731.699999999993,1000,0.3669578217261671,-13.7317,2025-09-09T21:32:58.800263,0.0001
